absolute_value,0
absolute_value_add_sub,1
absolute_value_add_sub_properties,2
absolute_value_equations,3
absolute_value_of_complex_numbers,4
absolute_values_meaning,5
add_subtract_negative_fractions,6
adding_and_subtracting_centimeter_and_millimeter,7
adding_and_subtracting_complex_numbers,8
adding_and_subtracting_decimals_word_problems,9
adding_and_subtracting_fractions,10
adding_and_subtracting_negative_numbers,11
adding_and_subtracting_polynomials,12
adding_and_subtracting_radicals,13
adding_and_subtracting_within_20,14
adding_decimals,15
adding_decimals_0.5,16
adding_decimals_0.5_new,17
adding_decimals_1,18
adding_decimals_2,19
adding_decimals_2_new,20
adding_fractions,21
adding_fractions_with_common_denominators,22
adding_negative_numbers,23
adding_subtracting_carry_2,24
adding_subtracting_carry_3,25
adding_subtracting_dicimals_fractions_and_percentage,26
adding_subtracting_mixed_numbers_0.5,27
adding_subtracting_mixed_numbers_1,28
adding_subtracting_no_carry_3,29
adding_vectors,30
addition_1,31
addition_2,32
addition_3,33
addition_4,34
addition_of_vary_denominator_fraction,35
addition_two_numbers,36
addition_within_20,37
advanced_fraction,38
age_problems,39
age_problems_new,40
age_word_problems,41
alternate_exterior_angles,42
alternate_exterior_angles_2,43
alternate_interior_angles,44
alternate_interior_angles_2,45
altitude_and_hypotenuse,46
angle types,47
angle-types,48
angle_addition_postulate,49
angle_bisector_theorem,50
angle_of_osculation,51
angle_rotation,52
angle_types,53
angles_1,54
angles_2,55
angles_of_a_polygon,56
application_add_large_nums,57
application_division_large_nums,58
application_of_gcd_and_lcm_1,59
application_of_linear_equations_1,60
application_of_linear_equations_2,61
application_of_scientific_notation,62
application_of_scientific_notation_2,63
applications_of_index,64
approximate_number,65
arc_length_and_circular_sector_area,66
area_1,67
area_of_a_circle,68
area_of_a_circle2,69
area_of_fans,70
area_of_parallelograms,71
area_of_squares_and_rectangles,72
area_of_triangles_1,73
area_of_triangular_shapes,74
area_relationship_larger_narrow_graph,75
area_relationship_larger_narrow_num,76
area_unit_cm_square,77
areas_of_circles_and_sectors,78
areas_of_kites,79
areas_of_rhombi,80
areas_of_trapezoids,81
areas_of_trapezoids_rhombi_and_kites,82
arithmetic_means,83
arithmetic_reasoning,84
arithmetic_sequences_3,85
arithmetic_series,86
arithmetic_series_1,87
arithmetic_word_problems,88
arithmetic_word_problems_1,89
arithmetic_word_problems_2,90
attributs_of_shapes,91
average_word_problems,92
axis_of_symmetry,93
baseline_compareline,94
baseline_compareline_application,95
basic_compared_with_the_reference_quantity,96
basic_concept_of_circumcenter,97
basic_concept_of_congruent_triangles,98
basic_concept_of_similar_shapes,99
basic_concepts_of_probability_1,100
basic_concepts_of_probability_2,101
basic_graph_and_composite_graph_area,102
calculating_averages_advanced,103
calculation_of_proportions,104
calculations_using_similar_shapes,105
cc_and_cubic_meter_conversion,106
cell_bctest_cap,107
chain_rule_1,108
chickens_and_rabbits_questions,109
circles_and_arcs,110
circumferential_angle,111
classification_bctest_cap,112
combinations_of_polynomials,113
combining_like_terms_1,114
combining_like_terms_2,115
combining_like_terms_with_two_variables,116
common_factor,117
common_factor_advance,118
common_factors_of_a_polynomial_1,119
common_factors_of_a_polynomial_2,120
common_form_for_life,121
compare_shapes,122
comparing_absolute_values,123
comparing_decimal_place_value,124
comparing_decimals_1,125
comparing_decimals_2,126
comparing_fractions_1,127
comparing_fractions_2,128
comparing_improper_fractions_and_mixed_numbers,129
comparing_lengths,130
comparing_objects,131
comparing_size,132
comparing_with_multiplication,133
comparison_between_numbers_within_ten,134
comparison_between_numbers_within_ten_0.5,135
complementary_and_supplementary_angles,136
complementary_angles,137
completing_the_square_1,138
completing_the_square_1_new,139
completing_the_square_2,140
completing_the_square_2_new,141
complex_fraction,142
complex_number_polar_form_intuition_new,143
composing_shapes,144
composite_numbers,145
compound_inequalities,146
compound_numbers_world_problems,147
computing_law_with_power,148
concepts_related_to_diamond,149
concepts_related_to_kite,150
concepts_related_to_parallelogram,151
conditional_statements_2,152
conditional_statements_and_truth_value,153
cone_surface_arc,154
congruency_postulates,155
congruent_angles,156
congruent_segments,157
congruent_triangles_1,158
congruent_triangles_2,159
consistency_bctest_cap,160
constant_function_and_a_fuction,161
constructing_and_interpreting_absolute_value,162
converse_inverse_and_contrapositive,163
converting_between_point_slope_and_slope_intercept,164
converting_between_slope_intercept_and_standard_form,165
converting_decimals_to_fractions_1,166
converting_decimals_to_fractions_2,167
converting_decimals_to_percents,168
converting_fractions_to_decimals,169
converting_mixed_numbers_and_improper_fractions,170
converting_percents_to_decimals,171
converting_repeating_decimals_to_fractions_1,172
converting_repeating_decimals_to_fractions_2,173
coordination_bctest_cap,174
corresponding_angles,175
corresponding_angles_2,176
count_number_to_100,177
count_number_to_20,178
count_number_to_20_2,179
count_number_to_50,180
count_numbers,181
count_one_by_one_1,182
counting_1,183
counting_2,184
creating_bar_charts_1,185
creating_box_and_whisker_plots,186
cross_multiplication_advanced,187
cube_rectangular_and_regular_tetrahedron,188
cube_roots,189
cube_volume_calculation,190
cuboid_volume_calculation,191
date_and_weekday,192
decimal_multiplier_calculation,193
decimal_two_steps,194
decimals_distributive_law_of_multiplication,195
decimals_on_the_number_line_1,196
decimals_on_the_number_line_2,197
decimals_on_the_number_line_2_new,198
decomposing_fractions,199
define_one_function,200
definition_opposite_number,201
degrees_to_radians,202
denominator_comparison,203
dependent_probability,204
derivative_intuition,205
derivatives_1,206
difference_between_solid_and_plane_graphics,207
direct_and_inverse_variation,208
discount_tax_and_tip_word_problems,209
distance_between_point_and_line,210
distance_formula,211
distributive_property,212
distributive_property_with_variables,213
dividing_complex_numbers,214
dividing_decimals,215
dividing_decimals_0.5,216
dividing_decimals_1,217
dividing_decimals_2,218
dividing_decimals_int_to_int_0.5,219
dividing_decimals_int_to_int_0.7,220
dividing_fractions,221
dividing_fractions_0.5,222
dividing_fractions_word_problems,223
dividing_polynomials,224
dividing_polynomials_1,225
dividing_polynomials_2,226
dividing_polynomials_3,227
dividing_polynomials_4,228
dividing_polynomials_5,229
dividing_polynomials_6,230
divisibility,231
divisibility_0.5,232
divisibility_intuition,233
divisibility_tests,234
division_0.5,235
division_0.9,236
division_1,237
division_1.4,238
division_1.5,239
division_2,240
division_2.9,241
division_3,242
division_4,243
division_word_problems_1,244
division_word_problems_2,245
domain_and_range_0.5,246
domain_of_a_function,247
draw_a_pie_chart,248
ecology_bctest_cap,249
empirical_rule,250
environment_bctest_cap,251
equal_parts_of_circles_and_rectangles,252
equation_of_a_circle_1,253
equation_of_a_circle_2,254
equation_of_a_hyperbola,255
equation_of_a_line,256
equation_of_an_ellipse,257
equivalent_fractions,258
equivalent_fractions_2,259
equivalent_fractions_conversion,260
estimation_three-digit_add_sub,261
estimation_with_decimals,262
eval_expressions_w_two_var,263
evaluating_expressions_1,264
evaluating_expressions_2,265
even_and_odd_functions,266
evolution_bctest_cap,267
exploring_angle_pairs_1,268
exploring_mean_and_median,269
exploring_standard_deviation_1,270
exponent_rules,271
exponents_1,272
exponents_2,273
exponents_3,274
exponents_4,275
expressing_ratios_as_fractions,276
expressions_with_unknown_variables,277
expressions_with_unknown_variables_2,278
factor_word_problems,279
factoring_difference_of_squares_1,280
factoring_difference_of_squares_2,281
factoring_difference_of_squares_3,282
factoring_difference_of_squares_4,283
factoring_polynomials_1,284
factoring_polynomials_2,285
factoring_polynomials_3,286
factoring_polynomials_by_grouping_1,287
factoring_polynomials_with_two_variables,288
factorization_by_add_sub_square,289
factorization_quadratic_polynomial,290
filling_rectangles_with_same-sized_squares,291
find_gcd_and_lcm,292
finding_axis_of_symmetry,293
finding_percentage,294
four_operations_and_decimal_fraction,295
fraction_and_per_swap_divide,296
fraction_integer,297
fraction_of_one_step_to_unknow_formula,298
fraction_word_problems_1,299
fractional_division_life_problem,300
fractions_and_percentage_of_exchange,301
fractions_cut_and_copy,302
fractions_cut_and_copy_1,303
fractions_cut_and_copy_2,304
fractions_on_the_number_line_1,305
fractions_on_the_number_line_2,306
fractions_on_the_number_line_3,307
fractions_word_problem,308
functions_1,309
functions_2,310
functions_3,311
g_and_kg_word_problems,312
gcd_and_lcm_word_problems,313
gcd_of_life,314
geometric_construction,315
geometry_1,316
geometry_about_circle_concept,317
geometry_categorial_proposition,318
geometry_identification_concept,319
geometry_proofs_1,320
geometry_proofs_2,321
geometry_proofs_intro,322
get_gcd_and_lcm,323
graphing_inequalities,324
graphing_inequalities_2,325
graphing_linear_equations,326
graphing_parabolas_0.5,327
graphing_parabolas_1,328
graphing_parabolas_2,329
graphing_points,330
graphing_points_2,331
graphing_points_fraction_1,332
graphing_points_fraction_2,333
graphing_scaling,334
graphing_systems_of_equations,335
graphing_systems_of_inequalities,336
graphing_systems_of_inequalities_2,337
graphs_of_linear_equations,338
graphs_of_sine_and_cosine,339
greatest_common_divisor,340
halves_and_fourths,341
herons_formula,342
hundred_million_adding_and_subtracting,343
identifying_points_1,344
identifying_points_2,345
imaginary_unit_powers,346
independent_probability,347
inequalities_and_expressions,348
inequalities_on_a_number_line,349
inequality_properties,350
inequality_symbol_word_problems,351
inheritance_bctest_cap,352
inscribed_angles_1,353
inscribed_angles_2,354
inscribed_angles_3,355
integer_arithmetic,356
integers_multiply_decimals,357
integers_multiply_decimals2,358
interpreting_absolute_value,359
interpreting_linear_equations,360
interpreting_negative_numbers,361
inverse_proportional_calculation,362
inverse_trig_functions,363
inverses_of_functions,364
judging_axis_of_symmetry,365
kg_g_arithmatic,366
kg_g_time_div,367
kg_g_unit_transform,368
kg_g_unit_transform2,369
kinematic_equations,370
km_m_unit_transform,371
l_ml_arithmatic,372
l_ml_time_div,373
l_ml_transform,374
l_ml_word_problem,375
large_angle_long_edge,376
lcm_word_problems,377
least_common_multiple,378
least_common_multiple_and_greatest_common_divisor_word_problems,379
length_word_problem,380
lhopitals_rule,381
life_1,382
limits_1,383
limits_2,384
line_graph_intuition,385
line_relationships,386
linear_equations_1,387
linear_equations_2,388
linear_equations_3,389
linear_equations_4,390
linear_equations_word_problems_2,391
linear_inequalities,392
lines_plane_vertical_parallel,393
logarithms_1,394
logarithms_2,395
logical_arguments_deductive_reasoning,396
make_a_line_by_ruler_and_compasses,397
marking_inequalities_range_on_a_number_line,398
markup_and_commission_word_problems,399
matrix_add_sub_2,400
matrix_add_sub_3,401
matrix_add_zero_negative,402
matrix_app_fruit_oil,403
matrix_basic_distance,404
matrix_basic_percentage,405
matrix_basic_product,406
matrix_gaussian_elimination,407
matrix_mul_scalar,408
matrix_mul_two,409
matrix_mul_two_2,410
matrix_mul_zero_one,411
matrix_row_echelon,412
matrix_row_operation,413
matrix_submatrix,414
matrix_transpose,415
matrix_triangular_and_symmetric,416
mean_median_and_mode,417
meaning_congruent_planar_graph,418
meaning_of_equal_sign,419
measuring_and_comparing_angles,420
measuring_angles,421
measuring_lengths_1,422
measuring_lengths_2,423
measuring_lengths_with_different_units,424
measuring_segments,425
meters_and_centimeters,426
meters_and_centimeters_conversion,427
metric_area_unit_comparison,428
metric_area_unit_conversion,429
metric_weight_unit_conversion,430
metric_weight_unit_selection,431
metric_weight_unit_word_problem,432
midpoint_coordinates,433
midpoint_formula,434
midpoint_of_a_segment,435
millimeter_and_centimeter,436
morning_afternoon_night,437
moving_points,438
multiple_brackets,439
multiple_proportions_reasoning,440
multiple_unit_transate,441
multiplication_0.5,442
multiplication_1,443
multiplication_1.5,444
multiplication_2,445
multiplication_3,446
multiplication_4,447
multiplication_and_division_order,448
multiplication_and_division_word_problems,449
multiplication_association_word_problems,450
multiplication_formula_1,451
multiplication_formula_add,452
multiplication_formula_minus,453
multiplication_formula_sub,454
multiplication_with_carrying,455
multiplication_word_problems,456
multiplicative_problems,457
multiply_by_tens,458
multiplying_2_digits_by_2_digits_with_area_models,459
multiplying_and_dividing,460
multiplying_and_dividing_negative_numbers,461
multiplying_and_dividing_negative_numbers_new,462
multiplying_and_dividing_scientific_notation,463
multiplying_complex_numbers,464
multiplying_decimal_integer,465
multiplying_decimals,466
multiplying_expressions_0.5,467
multiplying_expressions_1,468
multiplying_fractions,469
multiplying_fractions_0.5,470
multiplying_fractions_and_whole_numbers_word_problems,471
multiplying_fractions_by_integers,472
multiplying_fractions_word_problems,473
multiplying_mixed_numbers_1,474
multiplying_polynomials,475
multiplying_radicals,476
naming_shapes,477
naming_shapes_2,478
narrative_and_opposite_narrative,479
nature_of_isosceles_triangle,480
negative_number_word_problems,481
negative_numbers_multiply_divide,482
negative_nums_on_num_line_without_reference_to_zero,483
new_definitions_1,484
new_definitions_2,485
notation_calculation_type,486
number_line,487
number_line_0.5,488
number_line_0.5_new,489
number_line_0.7,490
number_line_0.7_new,491
number_line_2,492
number_line_3,493
number_line_4,494
number_properties_terminology_1,495
number_sense_length_l1,496
number_sense_length_l2,497
number_sense_length_l3,498
number_sense_weight_L1,499
number_sense_weight_l1,500
number_sense_weight_l2,501
number_sense_weight_l3,502
number_sequence_within_ten,503
number_within_fifty,504
nutrition_bctest_cap,505
one_more_one_less,506
one_step_equation_problems,507
one_step_equations,508
one_step_equations_0.5,509
one_step_inequalities,510
operations_with_negative_numbers,511
order_by_length,512
order_of_operations,513
ordering_decimals_new,514
ordering_fractions,515
ordering_improper_fractions_and_mixed_numbers,516
ordering_negative_numbers,517
ordering_numbers,518
ordering_objects,519
parabola_intuition_1,520
parabola_intuition_2,521
parabola_intuition_3,522
parallel_and_perpendicular,523
parallel_lines_1,524
parallel_lines_2,525
parallel_lines_proportion,526
parallelogram_concept_and_application,527
parts_of_circles,528
percentage_concept,529
percentage_word_problems_1,530
percentage_word_problems_2,531
perimeter_1,532
perimeter_deduction,533
perimeter_of_combined_shapes,534
perimeter_of_sector,535
perimeter_of_squares_and_rectangles,536
permutations_1,537
place_value,538
place_value_big_number,539
place_value_concept,540
planar_graph_resizing,541
planting_problems,542
plotting_the_line_of_best_fit,543
plugging_in_values,544
point_slope_form,545
points_lines_and_planes,546
polygon_geometry_characteristic,547
polygon_similarity,548
polynomial_concept_and_proper_noun,549
position_relation_between_circle_point,550
power_rule,551
prime_factorization,552
prime_numbers,553
probability_1,554
product_rule,555
properties_of_incenters,556
properties_of_numbers_1,557
properties_of_numbers_2,558
proportional_calculation,559
proportional_life_problems,560
proportional_or_inverse_proportional,561
proportions_1,562
proportions_2,563
proportions_inner_outer_product,564
pyramidal_prism,565
pythagorean_thaorem_application,566
pythagorean_theorem_1,567
pythagorean_theorem_2,568
quadratic_equation,569
quadratic_function_concept,570
quadratic_function_graphing,571
quadratic_function_maximum_and_minimum,572
quadratic_function_word_problem,573
quadratic_polynomial_word_problem,574
quadratics_word_problems,575
quadrilateral_angles,576
quadrilateral_types,577
quotient_rule,578
radians_and_degrees,579
radians_to_degrees,580
radical_equations,581
radical_multiplication_and_division,582
radius_and_diameter,583
radius_angle,584
radius_angle_by_percentage,585
radius_diameter_and_circumference,586
radius_diameter_and_circumference_1,587
radius_diameter_and_circumference_314_1,588
range_of_a_function,589
range_of_triangle_sides_2,590
range_quarter_case_chart,591
rate_problems_0.5,592
rate_problems_1,593
rate_problems_2,594
rate_unit_transform,595
rates_and_ratios,596
ratio,597
ratio_and_the_ratio_of,598
ratio_discount,599
ratio_money,600
ratio_word_problems,601
re_graphics,602
reading_bar_charts_1,603
reading_bar_charts_2,604
reading_bar_charts_3,605
reading_fractions_in_chinese,606
reading_line_charts_1,607
reading_pictographs_1,608
reading_pictographs_2,609
reading_stem_and_leaf_plots,610
reading_tables_1,611
reading_tables_2,612
realizing_inequalities,613
recognize_decimal_percentile_position,614
recognize_graph_zoom_effect,615
recognize_num_less_than_10000,616
recognizing_conic_sections,617
recognizing_factoring,618
recognizing_fractions,619
recognizing_fractions_0.5,620
recognizing_rays_lines_and_line_segments,621
recognizing_shapes,622
recording_life _problem_by_expressions,623
recording_life_problem_by_expressions,624
regrouping_decimals,625
regular_number_of_columns,626
relationships_linear_equations,627
repeated_addition,628
represent_by_symbol_addend,629
represent_by_symbol_dividend,630
represent_by_symbol_multiplier,631
represent_by_symbol_subtrahend,632
representing_numbers,633
reproduction,634
reproduction_bctest_cap,635
rounding_numbers,636
rounding_whole_numbers,637
same_side_exterior_angles,638
same_side_exterior_angles_2,639
same_side_interior_angles,640
same_side_interior_angles_2,641
scale,642
scale_see_compare_see,643
scaling_vectors,644
scientific_notation,645
scientific_notation_decimals,646
scientific_notation_intuition,647
sectors_as_fraction_of_circles_1,648
sectors_as_fraction_of_circles_2,649
segment_addition,650
separation_and_union,651
seq-arithmetic-means-1,652
seq-arithmetic-means-2,653
seq-arithmetic-sequences-l1,654
seq-arithmetic-sequences-l2,655
seq-understaning-arithmetic-sequence,656
seq-understaning-arithmetic-sequence-1,657
seq-understaning-arithmetic-sequence-2,658
seq_sequence_exam_1,659
seq_sequence_exam_2,660
seq_sequence_exam_3,661
seq_sequence_pattern_1,662
seq_sequence_pattern_2,663
seq_understanding_sequence_1,664
seq_understanding_sequence_2,665
seq_understaning_arithmetic_sequence_1,666
seq_understaning_arithmetic_sequence_2,667
sequences_word_problems,668
shaded_areas,669
shifting_and_reflecting_functions,670
short_divide_gcf_and_lcm,671
side_length_cube_and_relationship_with_volume_cuboid,672
sides_and_angles_of_simple_shapes,673
significant_figures_1,674
similar_triangles_1,675
similar_triangles_2,676
similar_triangles_review,677
simple_calculation_of_composite_volume,678
simple_hologram_concept,679
simple_hologram_surface_area,680
simplificate_ractional_formula,681
simplify_expressions_w_two_var_1,682
simplify_expressions_w_two_var_2,683
simplify_expressions_w_two_var_3,684
simplify_the_root_type,685
simplifying_expressions_with_exponents,686
simplifying_fractions,687
simplifying_radicals,688
simplifying_rational_expressions_1,689
simplifying_rational_expressions_2,690
skip_counting_by_100s,691
skip_counting_by_10s,692
skip_counting_by_5s,693
slope_intercept_form,694
slope_of_a_line,695
solid_geometry,696
solutions_to_systems_of_equations,697
solving_for_a_variable,698
solving_for_the_x-intercept,699
solving_for_the_y-intercept,700
solving_linear_equations,701
solving_linear_inequalities,702
solving_problems_with_line_plots_1,703
solving_problems_with_picture_graphs_1,704
solving_quadratics_by_factoring,705
solving_quadratics_by_factoring_2,706
solving_quadratics_by_taking_the_square_root,707
solving_similar_triangles_1,708
solving_similar_triangles_2,709
sort-groups-by-count_1,710
special_derivatives,711
special_right_triangles,712
special_triangle_and_quadrilateral_concept,713
speed_applying,714
speed_equal_to_distance_divide_time,715
square_cm_square_m_unit_transform,716
square_root_calculation_3,717
square_roots,718
square_roots_2,719
standard_deviation,720
statistical_table_and_chart,721
subtract_of_positive_negative_fraction,722
subtracting_decimals,723
subtracting_decimals_0.5,724
subtracting_fractions,725
subtracting_fractions_with_common_denominators,726
subtraction_1,727
subtraction_2,728
subtraction_3,729
subtraction_4,730
subtraction_and_addition,731
subtraction_of_vary_denominator_fraction,732
subtraction_within_20,733
supplementary_angles,734
surface_area_of_cylinders,735
surface_area_of_rectangular_boxes,736
symmetry_concept_and_application,737
systems_of_equ_elimination_1,738
systems_of_equ_substitution_1,739
systems_of_equ_substitution_2,740
systems_of_equations,741
systems_of_equations_with_elimination,742
systems_of_equations_with_elimination_0.5,743
systems_of_equations_with_elimination_2,744
systems_of_equations_with_elimination_3,745
systems_of_equations_with_substitution,746
systems_of_equations_word_problems,747
telling_time,748
telling_time_0.5,749
telling_time_2,750
telling_time_comparing,751
tenfold_and_hundred_fold,752
the_complex_plane,753
the_four_arithmetic_exponentially,754
the_fundamental_theorem_of_arithmetic,755
time_terminology,756
time_units_transformation_1,757
time_units_transformation_2,758
time_units_transformation_3,759
time_word_problem_1,760
time_word_problem_2,761
time_word_problem_3,762
time_word_problem_4,763
time_word_problem_5,764
transportation_bctest_cap,765
trapezoid_concept_and_application,766
triangle_angles_1,767
triangle_angles_sum,768
triangle_central_core_concept,769
triangle_inequality_theorem,770
triangle_length_of_side,771
triangle_types,772
triangles_congruent_nature_aas,773
triangles_congruent_nature_asa,774
triangles_congruent_nature_rhs,775
triangles_congruent_nature_sas,776
triangles_congruent_nature_sss,777
triangles_similar_nature,778
trig_identities_1,779
trigonometry_0.5,780
trigonometry_1,781
trigonometry_1.5,782
trigonometry_2,783
understand_circle,784
understand_coins,785
understand_equivalent_axiom,786
understand_large_numbers_and_conversion,787
understand_length_unit,788
understand_percentage,789
understand_range_of_graphie,790
understanding_comparing_angle,791
understanding_decimals_place_value,792
understanding_km,793
understanding_moving_the_decimal,794
understanding_square_rectangular,795
ungroup_median,796
unit_circle,797
unit_conversion_rate,798
units,799
using_fractions_to_divide_pizzas_pies_and_cakes,800
variables_word_problems_1,801
variables_word_problems_2,802
variance,803
vector_add_sub_two,804
vertex_of_a_parabola,805
vertical_and_parallel,806
vertical_angles,807
vertical_angles_2,808
vertical_concepts,809
visualizing_equivalent_fraction,810
volume_and_cc,811
volume_box,812
volume_box_cover,813
volume_box_nocover,814
volume_container,815
volume_container_hight,816
volume_of_cylinders,817
volume_of_rectangular_boxes,818
volume_of_rectangular_boxes_2,819
volume_of_rectangular_boxes_3,820
volume_of_triangular_prisms,821
volume_space,822
volume_unit_conversion,823
word_problem_formula_translate,824
writing_and_interpreting_decimals,825
writing_expressions_1,826
writing_expressions_2,827
writing_expressions_3,828
writing_expressions_w_two_var,829
writing_fractions_1,830
writing_proportions,831
z_scores_1,832
z_scores_2,833
z_scores_3,834
